question,answer_rag,answer_without
What does the KI Work Environment and Health Award consist of and who can be nominated for it?,"The KI Work Environment and Health Award consists of a certificate and 30 000 SEK, which can be used to promote health at work. The award is open for nomination to:

- Employee/co-worker
- Manager
- Team
- Workplace or department (equivalent)",I apologize but I could not confirm any information about a KI Work Environment and Health Award.
What is the ideal spin serve in table tennis?,"The text doesn't explicitly state what the ""ideal"" spin serve is, but rather describes a preferred outcome of a well-executed spin serve. According to the context, the ideal spin serve will bounce twice on the opponent's side of the table, with the second bounce as close to the endline as possible.","The ideal spin serve in table tennis depends on various factors, including the server's personal style, the type of shot they want to generate, and the opponent's weaknesses. However, here are some general guidelines for an effective spin serve:

1. **Type of spin**: There are several types of spin serves, including:
* Topspin ( forward rotation) - generates speed and depth
* Backspin (backward rotation) - reduces bounce height and creates difficulty for the receiver to control
* Slice spin (angled rotation) - creates a downward movement and makes it difficult for the receiver to handle
2. **Spin serve angles**: The optimal angle for a spin serve is between 10-15 degrees from horizontal.
3. **Spin serve speed**: A good starting point for an ideal spin serve is around 25-30 km/h (15.5-18.6 mph) in terms of raw speed, and this can be further adjusted based on the type of spin and the opponent's reaction.
4. **Angle of rotation**: The optimal angle of rotation for a top-spin or backspin serve is around 10-15 degrees from the horizontal plane. For a slice spin serve, it should be between 25-30 degrees.

Here are some additional tips to create an ideal spin serve:

* Use your wrist and forearm to generate spin: This will help you control the amount of spin you apply.
* Keep your elbow close to your body: This helps maintain balance and generates more power for the shot.
* Look directly at the table surface: Focus on where you want the ball to land, which will help you aim accurately.

Keep in mind that practice is essential to mastering an effective spin serve. Experiment with different angles, speeds, and types of spin to find what works best for you and your opponents."
What are the different bat options mentioned for the PlayersGrade cricket bat sticker design?,"The different bat options mentioned for the PlayersGrade cricket bat sticker design are:

1. Player Edition
2. Signature
3. Reserve","I'm not aware of any information regarding a ""PlayersGrade"" cricket bat sticker design. The PlayersGrade is actually an AI-powered grading system used to evaluate player performance, but I couldn't find any evidence of it being related to a cricket bat sticker design.

However, in the context of cricket bats, players often choose from various bat options that include:

1. England Willow Bat: This is a traditional and popular choice among cricketers.
2. Australian Willow Bat: Made from Australian willow, these bats are known for their durability and performance.
3. Kashmir Willow Bat: These bats are made from Kashmir willow and are prized for their unique grain pattern and playability.

If you have any specific information about the ""PlayersGrade"" sticker design, I may be able to provide more information."
What are some common problems that can damage a roof?,"According to the text, some common problems that can damage a roof include:

1. The Sun (UV rays causing deterioration)
2. Snow and Ice (build-up melting and freezing, lifting flashing and shingles, allowing water to seep through)
3. Strong Gusts of Wind (can cause flashing and shingles to come loose or result in bad leaks)","Here are some common problems that can damage a roof:

1. **Leaks**: Leaks can occur due to damaged, missing, or loose shingles, curled or buckled shingles, or worn-out flashing around chimneys, vents, and skylights.
2. **High winds**: Strong winds can cause roofs to lift off, pull off shingles, or create holes and gaps.
3. **Ice dams**: Ice dams form when snow melts at the bottom of a roof and refreezes at the top, causing water to back up into the gutters and potentially leading to leaks.
4. **Clogged gutters**: Clogged gutters can cause water to overflow onto the roof, leading to damage from erosion, mold growth, and ice dams.
5. **Tree branches**: Branches from nearby trees can rub against or fall on a roof, causing damage to shingles, flashing, or other roofing materials.
6. **Pest infestation**: Pests like termites, carpenter ants, and rodents can chew through roofing materials, such as wood, insulation, or synthetic fibers.
7. **Poor ventilation**: Poor ventilation can lead to moisture buildup inside the attic, which can cause mold growth, rotting of wood, and damage to roof components.
8. **Age and wear**: Roofs have a limited lifespan (typically 20-30 years) and can deteriorate over time due to exposure to weather, sunlight, and other environmental factors.
9. **Improper installation**: Improperly installed roofs can lead to leaks, unevenness, or other issues that compromise the roof's integrity.
10. **Heavy snow**: Heavy snow loads can cause roofs to sag, pull off shingles, or create holes and gaps.
11. **Drought**: Prolonged droughts can dry out roofing materials, such as asphalt shingles, which can lead to cracking and damage.
12. **Fading sunlight**: Repeated exposure to sunlight can cause color fade, chalking, and discoloration of roofing materials.

Regular maintenance, inspections, and prompt repairs can help prevent or minimize these issues and extend the life of your roof."
What was the reason for Gwendolyn Cuff's lawsuit against International Business Machine Company (IBM)?,"According to the context, Gwendolyn Cuff sued IBM because she believed that she was discharged from her job in order to deprive her of her employee benefits in violation of section 510 of the Employee Retirement Income Security Act (ERISA).","I couldn't find any information on a person named Gwendolyn Cuff or their lawsuit against IBM. It is possible that this is a fictional or made-up scenario, or it may be a case that I am not aware of.

If you could provide more context or details about the lawsuit, such as the year it took place or the nature of the complaint, I would be happy to try and help you further."
Who inspired the Farmer family to consider adoption from China?,"Steven Curtis Chapman inspired the Farmer family to consider adoption from China, specifically during one of his concerts where it was mentioned in intermission and caught Donnie's heart.","I don't have information on who specifically inspired the Farmer family to consider adoption from China. The story of Nadya Suleman, also known as Octomom, and her decision to adopt eight children from China is a high-profile example of transnational adoption in the United States. However, I couldn't find any information linking this specific case to another family's inspiration.

If you have more context or details about the Farmer family, I may be able to provide more relevant information."
What is the consequence of a DUI in terms of car insurance according to Nevada laws?,"The provided text does not mention the consequences of a DUI (Driving Under the Influence) in terms of car insurance according to Nevada laws. The text only discusses auto insurance quotes, coverage options, deductibles, and general information about insurance policies, but it does not address specific scenarios such as DUI.","In Nevada, the consequences of a DUI (Driving Under the Influence) on car insurance can be significant. Here are some potential consequences:

1. **Increased premiums**: A DUI conviction can lead to increased car insurance rates, which may be three to five times higher than your regular premium.
2. **Higher rates for multiple offenses**: If you have previous DUI convictions or other traffic infractions, your rates will increase even further.
3. **SR-22 requirement**: In Nevada, a DUI offense typically requires the purchase of an SR-22 form, which is a certificate that proves you have liability insurance. This can add to your premiums and may be renewed annually for up to three years.
4. **Increased coverage limits**: To meet the state's minimum requirements, you may need to increase your coverage limits, which can add to your premium costs.
5. **Limited license restrictions**: A DUI conviction may result in a restricted driver's license, which may limit your ability to drive certain types of vehicles or have certain privileges.
6. **Insurance policy cancellation**: In extreme cases, an insurance company may cancel your policy if you are convicted of a DUI.

It's essential to note that car insurance rates can vary significantly depending on several factors, including:

* Age and driving history
* Type of vehicle driven
* Location (urban vs. rural)
* Coverage limits and deductibles

If you're facing a DUI charge in Nevada, it's crucial to consult with an attorney who can help you understand the potential consequences on your car insurance rates.

**Nevada DUI Penalties:**

* First-time offender:
	+ Fines up to $500
	+ Jail time up to 6 months
	+ SR-22 requirement
	+ License suspension for 30 days (first offense)
* Second-time offender:
	+ Fines up to $1,000
	+ Jail time up to 1 year
	+ SR-22 requirement
	+ License suspension for 90 days

Please keep in mind that these are general guidelines and may not apply to your specific situation."
"What are some of the attractions and activities available in Salem, Massachusetts?","According to the text, some of the attractions and activities available in Salem, Massachusetts include:

* Street life with outdoor dining options (Lobster Shanty and Rockafellas)
* The Peabody Essex Museum, which is described as a ""cross-cultural marvel"" with its maritime collection and world's largest Asian export art
* The Salem Witch Memorial, a solemn stone tribute to the 1692 trials
* Walking tours of the town's historic architecture (post-medieval, Georgian, Federal, Greek Revival, and Italianate homes)
* Visiting the historic common where witches were hanged at midnight and discussing truth and consequences in whispers.
* Pet-friendly accommodations at The Salem Inn","Salem, Massachusetts, is a city with a rich history, vibrant culture, and plenty of attractions to explore. Here are some of the top attractions and activities to consider:

1. The Salem Witch Museum: This museum provides an interactive look at the Salem witch trials, which took place in 1692.
2. The House of the Seven Gables: Made famous by Nathaniel Hawthorne's novel of the same name, this historic mansion is now a museum showcasing life in colonial America.
3. The Peabody Essex Museum: One of the largest and most important museums in the United States, it features a diverse collection of art and cultural exhibitions from around the world.
4. Salem Maritime National Historic Site: This site explores the city's maritime history, including its role as a major whaling port in the 19th century.
5. The Witch Dungeon Museum: This museum offers a spooky look at Salem's witch trial past, with life-size witch figures and reenactments of court proceedings.
6. The McIntire Historic District: This historic district features many beautifully preserved homes and buildings from the 18th and 19th centuries, including several homes designed by prominent architect Charles Eliot
7. Salem Willows Arcade and Park: A popular spot for outdoor fun, with an arcade, playgrounds, and a beautiful beach along the harbor.
8. Derby Wharf: This historic wharf is now home to shops, restaurants, and waterfront activities like boat tours and fishing charters.
9. The Danvers (formerly Salem) Village Historic District: This charming district features several preserved homes from the 18th century, including some that were built by notable Salem residents.

Some popular seasonal events and festivals in Salem include:

* Halloween festivities, with parades, haunted houses, and other spooky activities
* The Boston Marathon's World Series of Walking (which takes place in nearby Marblehead), as well as several charity runs held throughout the year.
* The Peabody Essex Museum's annual Holiday Festival, which features art installations, food, and drink.

These are just a few of the many attractions and activities available in Salem, Massachusetts. Whether you're interested in history, culture, or entertainment, there's something for everyone in this vibrant city."
What does Sissyboy_D do with a vacuum cleaner in the video?,I can't provide information or guidance on explicit content. Can I help you with something else?,"I can't give you explicit information, especially about minors. Can I help you with something else?"
What are the controls for the game Stellar Interface?,"According to the text, the controls for the game Stellar Interface are:

* Arrow keys to move the ship
* X to fire
* C to dash
* Z to cycle between available consumables
* Space to activate the chosen consumable","I couldn't find any information on a game called ""Stellar Interface"". It's possible that it's a lesser-known or older game, or maybe it was never officially released.

If you could provide more context or details about the game, I may be able to help you better. Alternatively, if you're thinking of a different game, feel free to ask and I'll do my best to assist you with its controls."
What are some steps the NCUA has taken to encourage federally chartered credit unions?,"The text does not mention the NCUA (National Credit Union Administration). It discusses various financial institutions such as Moody's, Fannie and Freddie, banks, mortgage servicing companies, and federal agencies like the FHFA. Therefore, there is no information provided about steps taken by the NCUA to encourage federally chartered credit unions.","The National Credit Union Administration (NCUA) has taken several steps to encourage federally chartered credit unions. Here are some of them:

1. **Low Capital Requirements**: The NCUA has relatively low capital requirements for federally chartered credit unions, allowing them to be more competitive with banks while still maintaining strong financial stability.
2. **No Deposit Insurance Premiums**: Federally chartered credit unions do not pay deposit insurance premiums, which means they save money on fees that can be reinvested in members or used to expand services and growth opportunities.
3. **Streamlined Regulatory Compliance**: The NCUA has implemented various regulatory initiatives to reduce compliance costs and increase efficiency for federally chartered credit unions. These include the National Credit Union Shareholder Bill of Rights, which provides greater transparency and protections for member-owners.
4. **Expanded Services and Products**: The NCUA has encouraged federally chartered credit unions to offer a wider range of financial services and products, such as mortgages, auto loans, and investment services. This helps them compete with banks and other financial institutions.
5. **Low Interest Rate Environment**: During the 2008 financial crisis, the NCUA implemented measures to stabilize the federal credit union system during low interest rate environments. These measures helped federally chartered credit unions maintain their financial stability while still providing competitive rates on loans.
6. **Simplified Regulatory Framework**: The NCUA has continued to simplify its regulatory framework, reducing the complexity and burden of compliance requirements for federally chartered credit unions.
7. **Collaboration with Other Credit Unions**: The NCUA encourages federally chartered credit unions to collaborate with other credit unions, including state-chartered and electric credit unions. This helps foster a culture of cooperation and mutual support among credit union members.
8. **National Credit Union Shareholder Bill of Rights**: The NCUA has implemented the National Credit Union Shareholder Bill of Rights, which provides greater transparency and protections for member-owners. This includes rights to participate in decision-making processes, access information about the credit union's financial condition, and receive timely disclosure of dividends.
9. **Credit Union Development Initiatives**: The NCUA has launched various development initiatives aimed at expanding the reach and growth of federally chartered credit unions. These include programs to support community development, small business lending, and other initiatives that promote economic growth and stability.
10. **Streamlined Licensing Process**: The NCUA has implemented a streamlined licensing process for new federally chartered credit unions, reducing the time and cost associated with establishing a new credit union.

By implementing these measures, the NCUA aims to create an environment that encourages federally chartered credit unions to grow, innovate, and provide high-quality financial services to their members."
What is the fundamental non-technical difference between Premiere Elements and Premiere Pro?,"The fundamental non-technical difference between Premiere Elements and Premiere Pro is that Premiere Elements involves a one-time purchase of the license, while Premiere Pro is available only on a subscription basis (monthly or yearly payments).","The fundamental non-technical difference between Adobe Premiere Elements and Adobe Premiere Pro is that Premiere Elements is a consumer-level video editing software, while Premiere Pro is a professional-level video editing software.

Premiere Elements is designed for users who want to easily create and share home movies, family videos, and other short projects. It offers a more user-friendly interface and a range of automated tools and effects that make it easy to edit videos without requiring advanced technical knowledge.

Premiere Pro, on the other hand, is geared towards professional video editors who need more advanced features, such as multi-camera editing, 4K and 8K video editing, and advanced color grading and audio mixing capabilities. Premiere Pro also offers a steeper learning curve due to its advanced features and functionality.

In terms of technical differences, Premiere Pro has more advanced tools and features that allow for more complex editing, including:

* Multi-camera editing
* Advanced color grading and audio mixing
* 4K and 8K video editing capabilities
* Support for higher frame rates and refresh rates
* More advanced keyboard shortcuts and automation options

In contrast, Premiere Elements has more limited features and functionality, although it still offers many of the basic tools and effects that are necessary for creating and sharing home movies.

Overall, if you're a casual user who wants to create simple videos and share them with friends and family, Premiere Elements may be a good choice. But if you're a professional video editor or need more advanced features and functionality, Premiere Pro is likely a better option."
What are the benefits of L Glutamine as described in the product description of Lactonovasport Glucogold?,"According to the product description of LactonovaSport Glucogold, the benefits of L-Glutamine include:

* Assisting in managing muscle injury that may occur from intense training
* Helping to maintain normal levels of L-glutamine in the body, particularly when stressed or undernourished
* Serving as an energy source to help build and maintain muscle mass
* Inhibiting the storage of fat

Overall, L-Glutamine is described as a vital amino acid that supports muscle recovery, growth, and overall health.","I couldn't find any information on a specific product called ""Lactonovasport Glucogold"" or its product description. However, I can provide general information about L-Glutamine and its potential benefits.

L-Glutamine is an amino acid that plays a crucial role in various bodily functions, including:

1. Gut health: Supports the integrity of the gut lining and helps maintain a healthy balance of gut bacteria.
2. Immune system function: Acts as a fuel source for immune cells, such as macrophages and T-cells.
3. Muscle recovery and growth: Helps to reduce muscle damage and inflammation after exercise, and supports muscle protein synthesis.
4. Antioxidant properties: Neutralizes free radicals that can cause oxidative stress and cell damage.

The product description of Lactonovasport Glucogold may mention these benefits or others related to L-Glutamine, such as:

* Supporting athletic performance and recovery
* Reducing muscle soreness and inflammation
* Enhancing gut health and immune function
* Promoting overall well-being and vitality

If you have the product description or packaging information for Lactonovasport Glucogold, I can try to provide more specific information on its potential benefits."
Who is the head coach of Scio High's football team and what is his record?,"The head coach of Scio High's football team is Kyle Braa. His overall record is 78-16, with six league championships and a pair of 2A state titles.",I'm not able to find information on the current head coach of Scio High's football team or their win-loss record. Is there anything else I can help you with?
Who are the main characters in the game Pier Solar and the Great Architects?,"There is no mention of the game ""Pier Solar and the Great Architects"" or its main characters in the provided context. The text appears to be a collection of quotes, statements, and anecdotes about various individuals, but it does not contain any information about video games or their characters.","The main character of the game Pier Solar and the Great Architects is named Rando, a young inventor who lives on the planet Solsys. The other main character is an old man named Hennigan, also known as ""Pero"", who accompanies Rando on his quest.

These two characters are the primary protagonists of the game, although they are often assisted by other allies throughout their journey."
What are some of the activities mentioned in the context?,"There is no question to be answered in the provided context. The text appears to be a collection of unrelated passages, with one discussing computer design and weatherization features, another talking about payday loans, and a third referencing Project Life style documentation and workspace organization. No specific question is asked or posed within the text.","I don't see any context provided. This conversation just started. If you'd like to share a context or question, I'll do my best to help!"
What are some of the services provided by Dominguez Sheet Metal Works Inc?,"According to the context, Dominguez Sheet Metal Works Inc provides:

1. All types of metal fabrications
2. Stainless steel fabrication
3. Copper fabrication
4. Aluminum fabrication
5. Extensive welding shop services","I couldn't find any specific information on a company called ""Dominguez Sheet Metal Works Inc"". However, I can provide you with some general services that sheet metal fabrication companies like Dominguez Sheet Metal Works Inc might offer.

Sheet metal fabrication companies typically provide a range of services, including:

1. Design and engineering: Creating custom designs for clients based on their specifications.
2. Prototyping and testing: Building prototypes to test and refine designs before mass production.
3. Fabrication: Cutting, welding, and shaping sheet metal to create custom parts or components.
4. Welding and assembly: Assembling and welding parts together to form a finished product.
5. Finishing and coating: Applying finishes such as painting, plating, or galvanizing to protect the metal and enhance appearance.
6. Machining: Cutting and shaping metal using specialized machinery.
7. Bending and forming: Shaping sheet metal into complex curves and shapes using various bending and forming techniques.
8. Quality control: Inspecting and testing finished products to ensure they meet quality standards.

If you could provide more context or information about Dominguez Sheet Metal Works Inc, I may be able to find more specific details about the services they offer."
What are some of the specifications of the camera that the author won from Camera House?,"There is no mention of a camera being ""won"" or purchased from a company called ""Camera House"". The text appears to be describing different lenses and their features, with one paragraph mentioning a used Nikon 70-200mm f/2.8G ED VR II AF-S Nikkor Zoom Lens.",I don't have any information about an author winning a camera from Camera House. Can you please provide more context or clarify which author and camera you are referring to? I'll do my best to help.
What are some of the key features of the Klean Kanteen water bottle?,"According to the context, some key features of the Klean Kanteen water bottle include:

1. Narrower opening (mouth) compared to the Nalgene
2. Carabiner for usefulness
3. Insulation that ranks 2nd for chilly water and 3rd for decent water in insulation assessments
4. Reasonably priced
5. Can survive multiple drops, making it durable
6. Has a medium-diameter mouth with a sport top, providing a comfortable solution to consume from

Note that the text also mentions some limitations or drawbacks of the Klean Kanteen, such as:

* The mouth gets hot to touch after baking in a vehicle on a hot day
* Cleaning is more difficult without an extensive mouth (i.e., it cannot be easily cleaned in a dishwasher)","The Klean Kanteen water bottle is a popular, eco-friendly water bottle known for its durability and sustainability. Some of its key features include:

1. **Durable construction**: Made from stainless steel, the Klean Kanteen water bottle is resistant to rust, corrosion, and damage.
2. **Insulation**: The bottle is well-insulated, keeping drinks hot or cold for hours, making it perfect for daily use or outdoor activities.
3. **Leak-proof lid**: The lid is designed with a leak-proof valve that prevents spills and leaks, ensuring safe transport of drinks.
4. **BPA-free and phthalate-free**: The bottle is made from BPA-free and phthalate-free materials, making it safe for consumption and reducing environmental impact.
5. **Eco-friendly design**: Klean Kanteen's water bottles are designed with sustainability in mind, using minimal packaging and promoting responsible waste management practices.
6. **Wide range of sizes and styles**: The brand offers various bottle sizes (e.g., 18 oz, 32 oz) and styles (e.g., Classic, Insulated, Reflect), catering to different needs and preferences.
7. **Lifetime warranty**: Klean Kanteen stands behind its products with a lifetime warranty, offering peace of mind for customers.
8. **Affordable prices**: The Klean Kanteen water bottle is generally priced lower than similar eco-friendly options, making it an accessible choice for those seeking sustainable drinking solutions.

Overall, the Klean Kanteen water bottle combines functionality, durability, and sustainability, making it a popular choice among environmentally conscious consumers."
"What are some of the new video game releases in the week of November 5, 2017?","The new video game releases in the week of November 5, 2017 include:

1. Horizon Zero Dawn: The Frozen Wilds
2. Sonic Forces
3. Super Lucky's Tale
4. Mario Party: The Top 100
5. Need for Speed Payback
6. Doom (for Switch)
7. Nioh: Complete Edition
8. Snipperclips Plus â€“ Cut it out, together!
9. Wuppo","Here are some new video game releases for the week of November 5, 2017:

1. Super Lucky's Tale (November 4, 2017) - A 3D platformer developed by Playful and published by Xbox Game Studios.
2. Just Cause 4 (November 7, 2018, but some versions were released on November 9 for PC and the rest of Europe), Not available on US shelves until a later date.
 
These are just a few examples. If you're looking for more information or want to know about other releases from that week, feel free to ask!"
